id,online,thumbnailUrl,opId,sort,type,downloadUrl
2520deee-dce0-11ec-8803-acde48001122,0,background/previews/plants_2205_6.jpg,plants_2205_6,1,plants,background/download/plants_2205_6.jpg
2520dfc0-dce0-11ec-8803-acde48001122,0,background/previews/plants_2205_7.jpg,plants_2205_7,2,plants,background/download/plants_2205_7.jpg
2520e006-dce0-11ec-8803-acde48001122,1,background/previews/plants_2205_8.jpg,plants_2205_8,3,plants,background/download/plants_2205_8.jpg
2520e02e-dce0-11ec-8803-acde48001122,1,background/previews/plants_2205_9.jpg,plants_2205_9,4,plants,background/download/plants_2205_9.jpg
2520e056-dce0-11ec-8803-acde48001122,1,background/previews/plants_2205_10.jpg,plants_2205_10,5,plants,background/download/plants_2205_10.jpg
2520e07e-dce0-11ec-8803-acde48001122,1,background/previews/abstract_2205_1.jpg,abstract_2205_1,1,abstract,background/download/abstract_2205_1.jpg
2520e0a6-dce0-11ec-8803-acde48001122,1,background/previews/abstract_2205_2.jpg,abstract_2205_2,2,abstract,background/download/abstract_2205_2.jpg
2520e0ce-dce0-11ec-8803-acde48001122,1,background/previews/abstract_2205_3.jpg,abstract_2205_3,3,abstract,background/download/abstract_2205_3.jpg
2520e0f6-dce0-11ec-8803-acde48001122,1,background/previews/abstract_2205_4.jpg,abstract_2205_4,4,abstract,background/download/abstract_2205_4.jpg
2520e128-dce0-11ec-8803-acde48001122,1,background/previews/abstract_2205_5.jpg,abstract_2205_5,5,abstract,background/download/abstract_2205_5.jpg
2520e150-dce0-11ec-8803-acde48001122,1,background/previews/abstract_2205_6.jpg,abstract_2205_6,6,abstract,background/download/abstract_2205_6.jpg
2520e178-dce0-11ec-8803-acde48001122,1,background/previews/abstract_2205_7.jpg,abstract_2205_7,7,abstract,background/download/abstract_2205_7.jpg
2520e1a0-dce0-11ec-8803-acde48001122,1,background/previews/illustration_2205_1.jpg,illustration_2205_1,1,illustration,background/download/illustration_2205_1.jpg
2520e1c8-dce0-11ec-8803-acde48001122,1,background/previews/illustration_2205_2.jpg,illustration_2205_2,2,illustration,background/download/illustration_2205_2.jpg
2520e24a-dce0-11ec-8803-acde48001122,1,background/previews/illustration_2205_3.png,illustration_2205_3,3,illustration,background/download/illustration_2205_3.png
2520e272-dce0-11ec-8803-acde48001122,1,background/previews/illustration_2205_4.jpg,illustration_2205_4,4,illustration,background/download/illustration_2205_4.jpg
2520e29a-dce0-11ec-8803-acde48001122,1,background/previews/illustration_2205_5.jpg,illustration_2205_5,5,illustration,background/download/illustration_2205_5.jpg
2520e2c2-dce0-11ec-8803-acde48001122,1,background/previews/illustration_2205_6.jpg,illustration_2205_6,6,illustration,background/download/illustration_2205_6.jpg
2520e2ea-dce0-11ec-8803-acde48001122,1,background/previews/gradient_2205_1.jpg,gradient_2205_1,1,gradient,background/download/gradient_2205_1.jpg
2520e312-dce0-11ec-8803-acde48001122,1,background/previews/gradient_2205_2.jpg,gradient_2205_2,2,gradient,background/download/gradient_2205_2.jpg
2520e33a-dce0-11ec-8803-acde48001122,1,background/previews/gradient_2205_3.jpg,gradient_2205_3,3,gradient,background/download/gradient_2205_3.jpg
2520e376-dce0-11ec-8803-acde48001122,1,background/previews/gradient_2205_4.jpg,gradient_2205_4,4,gradient,background/download/gradient_2205_4.jpg
2520e39e-dce0-11ec-8803-acde48001122,1,background/previews/gradient_2205_5.jpg,gradient_2205_5,5,gradient,background/download/gradient_2205_5.jpg
2520e3c6-dce0-11ec-8803-acde48001122,1,background/previews/gradient_2205_6.jpg,gradient_2205_6,6,gradient,background/download/gradient_2205_6.jpg
2520e3f8-dce0-11ec-8803-acde48001122,1,background/previews/gradient_2205_7.jpg,gradient_2205_7,7,gradient,background/download/gradient_2205_7.jpg
2520e420-dce0-11ec-8803-acde48001122,1,background/previews/gradient_2205_8.jpg,gradient_2205_8,8,gradient,background/download/gradient_2205_8.jpg
2520e448-dce0-11ec-8803-acde48001122,1,background/previews/holiday_2205_1.jpg,holiday_2205_1,1,holiday,background/download/holiday_2205_1.jpg
2520e470-dce0-11ec-8803-acde48001122,1,background/previews/holiday_2205_2.png,holiday_2205_2,2,holiday,background/download/holiday_2205_2.png
2520e4a2-dce0-11ec-8803-acde48001122,1,background/previews/holiday_2205_3.png,holiday_2205_3,3,holiday,background/download/holiday_2205_3.png
2520e4ca-dce0-11ec-8803-acde48001122,1,background/previews/holiday_2205_4.png,holiday_2205_4,4,holiday,background/download/holiday_2205_4.png
2520e4f2-dce0-11ec-8803-acde48001122,1,background/previews/holiday_2205_5.png,holiday_2205_5,5,holiday,background/download/holiday_2205_5.png
2520e51a-dce0-11ec-8803-acde48001122,1,background/previews/holiday_2205_6.png,holiday_2205_6,6,holiday,background/download/holiday_2205_6.png
2520e542-dce0-11ec-8803-acde48001122,1,background/previews/holiday_2205_7.png,holiday_2205_7,7,holiday,background/download/holiday_2205_7.png
2520e56a-dce0-11ec-8803-acde48001122,1,background/previews/holiday_2205_8.png,holiday_2205_8,8,holiday,background/download/holiday_2205_8.png
2520e592-dce0-11ec-8803-acde48001122,1,background/previews/holiday_2205_9.png,holiday_2205_9,9,holiday,background/download/holiday_2205_9.png
2520e5ce-dce0-11ec-8803-acde48001122,1,background/previews/holiday_2205_10.jpg,holiday_2205_10,10,holiday,background/download/holiday_2205_10.jpg
2520e5f6-dce0-11ec-8803-acde48001122,1,background/previews/holiday_2205_11.jpg,holiday_2205_11,11,holiday,background/download/holiday_2205_11.jpg
2520e61e-dce0-11ec-8803-acde48001122,1,background/previews/dreamy_2205_1.jpg,dreamy_2205_1,1,dreamy,background/download/dreamy_2205_1.jpg
2520e646-dce0-11ec-8803-acde48001122,1,background/previews/dreamy_2205_2.jpg,dreamy_2205_2,2,dreamy,background/download/dreamy_2205_2.jpg
2520e66e-dce0-11ec-8803-acde48001122,1,background/previews/dreamy_2205_3.jpg,dreamy_2205_3,3,dreamy,background/download/dreamy_2205_3.jpg
2520e68c-dce0-11ec-8803-acde48001122,1,background/previews/dreamy_2205_4.jpg,dreamy_2205_4,4,dreamy,background/download/dreamy_2205_4.jpg
2520e6b4-dce0-11ec-8803-acde48001122,1,background/previews/dreamy_2205_5.jpg,dreamy_2205_5,5,dreamy,background/download/dreamy_2205_5.jpg
2520e6f0-dce0-11ec-8803-acde48001122,1,background/previews/dreamy_2205_6.jpg,dreamy_2205_6,6,dreamy,background/download/dreamy_2205_6.jpg
2520e718-dce0-11ec-8803-acde48001122,1,background/previews/dreamy_2205_7.jpg,dreamy_2205_7,7,dreamy,background/download/dreamy_2205_7.jpg
2520e740-dce0-11ec-8803-acde48001122,1,background/previews/dreamy_2205_8.jpg,dreamy_2205_8,8,dreamy,background/download/dreamy_2205_8.jpg
2520e768-dce0-11ec-8803-acde48001122,1,background/previews/fruits_2205_1.jpg,fruits_2205_1,1,fruits,background/download/fruits_2205_1.jpg
2520e790-dce0-11ec-8803-acde48001122,1,background/previews/fruits_2205_2.jpg,fruits_2205_2,2,fruits,background/download/fruits_2205_2.jpg
2520e7b8-dce0-11ec-8803-acde48001122,1,background/previews/fruits_2205_3.jpg,fruits_2205_3,3,fruits,background/download/fruits_2205_3.jpg
2520e7e0-dce0-11ec-8803-acde48001122,1,background/previews/fruits_2205_4.jpg,fruits_2205_4,4,fruits,background/download/fruits_2205_4.jpg
2520e81c-dce0-11ec-8803-acde48001122,1,background/previews/fruits_2205_5.jpg,fruits_2205_5,5,fruits,background/download/fruits_2205_5.jpg
2520e844-dce0-11ec-8803-acde48001122,1,background/previews/fruits_2205_6.jpg,fruits_2205_6,6,fruits,background/download/fruits_2205_6.jpg
2520e862-dce0-11ec-8803-acde48001122,1,background/previews/fruits_2205_7.jpg,fruits_2205_7,7,fruits,background/download/fruits_2205_7.jpg
2520e894-dce0-11ec-8803-acde48001122,1,background/previews/fruits_2205_8.jpg,fruits_2205_8,8,fruits,background/download/fruits_2205_8.jpg
2520e8bc-dce0-11ec-8803-acde48001122,1,background/previews/retro_2205_1.jpg,retro_2205_1,1,retro,background/download/retro_2205_1.jpg
2520e8e4-dce0-11ec-8803-acde48001122,1,background/previews/retro_2205_2.jpg,retro_2205_2,2,retro,background/download/retro_2205_2.jpg
2520e90c-dce0-11ec-8803-acde48001122,1,background/previews/retro_2205_3.jpg,retro_2205_3,3,retro,background/download/retro_2205_3.jpg
2520e93e-dce0-11ec-8803-acde48001122,1,background/previews/retro_2205_4.jpg,retro_2205_4,4,retro,background/download/retro_2205_4.jpg
2520e966-dce0-11ec-8803-acde48001122,1,background/previews/retro_2205_5.jpg,retro_2205_5,5,retro,background/download/retro_2205_5.jpg
2520e98e-dce0-11ec-8803-acde48001122,1,background/previews/pattern_2205_1.png,pattern_2205_1,1,pattern,background/download/pattern_2205_1.png
2520e9c0-dce0-11ec-8803-acde48001122,1,background/previews/pattern_2205_2.png,pattern_2205_2,2,pattern,background/download/pattern_2205_2.png
2520e9de-dce0-11ec-8803-acde48001122,1,background/previews/pattern_2205_3.png,pattern_2205_3,3,pattern,background/download/pattern_2205_3.png
2520ea06-dce0-11ec-8803-acde48001122,1,background/previews/pattern_2205_4.jpg,pattern_2205_4,4,pattern,background/download/pattern_2205_4.jpg
2520ea2e-dce0-11ec-8803-acde48001122,1,background/previews/pattern_2205_5.jpg,pattern_2205_5,5,pattern,background/download/pattern_2205_5.jpg
2520ea6a-dce0-11ec-8803-acde48001122,1,background/previews/pattern_2205_6.jpg,pattern_2205_6,6,pattern,background/download/pattern_2205_6.jpg
2520ea92-dce0-11ec-8803-acde48001122,1,background/previews/texture_2205_1.jpg,texture_2205_1,1,texture,background/download/texture_2205_1.jpg
2520eaba-dce0-11ec-8803-acde48001122,1,background/previews/texture_2205_2.jpg,texture_2205_2,2,texture,background/download/texture_2205_2.jpg
2520eb0a-dce0-11ec-8803-acde48001122,1,background/previews/texture_2205_3.jpg,texture_2205_3,3,texture,background/download/texture_2205_3.jpg
2520eb32-dce0-11ec-8803-acde48001122,1,background/previews/texture_2205_4.jpg,texture_2205_4,4,texture,background/download/texture_2205_4.jpg
2520eb5a-dce0-11ec-8803-acde48001122,1,background/previews/texture_2205_5.jpg,texture_2205_5,5,texture,background/download/texture_2205_5.jpg
2520eb8c-dce0-11ec-8803-acde48001122,1,background/previews/texture_2205_6.jpg,texture_2205_6,6,texture,background/download/texture_2205_6.jpg
2520ebbe-dce0-11ec-8803-acde48001122,1,background/previews/texture_2205_7.jpg,texture_2205_7,7,texture,background/download/texture_2205_7.jpg
2520ebe6-dce0-11ec-8803-acde48001122,1,background/previews/texture_2205_8.jpg,texture_2205_8,8,texture,background/download/texture_2205_8.jpg
2520ec0e-dce0-11ec-8803-acde48001122,1,background/previews/texture_2205_9.jpg,texture_2205_9,9,texture,background/download/texture_2205_9.jpg
1fe6818a-e0ec-11ec-ab28-acde48001122,1,background/previews/plants_2205_11.jpg,plants_2205_11,1,plants,background/download/plants_2205_11.jpg
1fe68310-e0ec-11ec-ab28-acde48001122,1,background/previews/plants_2205_12.jpg,plants_2205_12,2,plants,background/download/plants_2205_12.jpg
