downloadUrl,sort,id,opId,type,thumbnailUrl,online
background/download/plants_2205_6.jpg,1.0,2520deee-dce0-11ec-8803-acde48001122,plants_2205_6,plants,background/previews/plants_2205_6.jpg,1.0
background/download/plants_2205_7.jpg,2.0,2520dfc0-dce0-11ec-8803-acde48001122,plants_2205_7,plants,background/previews/plants_2205_7.jpg,1.0
background/download/plants_2205_8.jpg,3.0,2520e006-dce0-11ec-8803-acde48001122,plants_2205_8,plants,background/previews/plants_2205_8.jpg,1.0
background/download/plants_2205_9.jpg,4.0,2520e02e-dce0-11ec-8803-acde48001122,plants_2205_9,plants,background/previews/plants_2205_9.jpg,1.0
background/download/plants_2205_10.jpg,5.0,2520e056-dce0-11ec-8803-acde48001122,plants_2205_10,plants,background/previews/plants_2205_10.jpg,1.0
background/download/abstract_2205_1.jpg,1.0,2520e07e-dce0-11ec-8803-acde48001122,abstract_2205_1,abstract,background/previews/abstract_2205_1.jpg,1.0
background/download/abstract_2205_2.jpg,2.0,2520e0a6-dce0-11ec-8803-acde48001122,abstract_2205_2,abstract,background/previews/abstract_2205_2.jpg,1.0
background/download/abstract_2205_3.jpg,3.0,2520e0ce-dce0-11ec-8803-acde48001122,abstract_2205_3,abstract,background/previews/abstract_2205_3.jpg,1.0
background/download/abstract_2205_4.jpg,4.0,2520e0f6-dce0-11ec-8803-acde48001122,abstract_2205_4,abstract,background/previews/abstract_2205_4.jpg,1.0
background/download/abstract_2205_5.jpg,5.0,2520e128-dce0-11ec-8803-acde48001122,abstract_2205_5,abstract,background/previews/abstract_2205_5.jpg,1.0
background/download/abstract_2205_6.jpg,6.0,2520e150-dce0-11ec-8803-acde48001122,abstract_2205_6,abstract,background/previews/abstract_2205_6.jpg,1.0
background/download/abstract_2205_7.jpg,7.0,2520e178-dce0-11ec-8803-acde48001122,abstract_2205_7,abstract,background/previews/abstract_2205_7.jpg,1.0
background/download/illustration_2205_1.jpg,1.0,2520e1a0-dce0-11ec-8803-acde48001122,illustration_2205_1,illustration,background/previews/illustration_2205_1.jpg,1.0
background/download/illustration_2205_2.jpg,2.0,2520e1c8-dce0-11ec-8803-acde48001122,illustration_2205_2,illustration,background/previews/illustration_2205_2.jpg,1.0
background/download/illustration_2205_3.png,3.0,2520e24a-dce0-11ec-8803-acde48001122,illustration_2205_3,illustration,background/previews/illustration_2205_3.png,1.0
background/download/illustration_2205_4.jpg,4.0,2520e272-dce0-11ec-8803-acde48001122,illustration_2205_4,illustration,background/previews/illustration_2205_4.jpg,1.0
background/download/illustration_2205_5.jpg,5.0,2520e29a-dce0-11ec-8803-acde48001122,illustration_2205_5,illustration,background/previews/illustration_2205_5.jpg,1.0
background/download/illustration_2205_6.jpg,6.0,2520e2c2-dce0-11ec-8803-acde48001122,illustration_2205_6,illustration,background/previews/illustration_2205_6.jpg,1.0
background/download/gradient_2205_1.jpg,1.0,2520e2ea-dce0-11ec-8803-acde48001122,gradient_2205_1,gradient,background/previews/gradient_2205_1.jpg,1.0
background/download/gradient_2205_2.jpg,2.0,2520e312-dce0-11ec-8803-acde48001122,gradient_2205_2,gradient,background/previews/gradient_2205_2.jpg,1.0
background/download/gradient_2205_3.jpg,3.0,2520e33a-dce0-11ec-8803-acde48001122,gradient_2205_3,gradient,background/previews/gradient_2205_3.jpg,1.0
background/download/gradient_2205_4.jpg,4.0,2520e376-dce0-11ec-8803-acde48001122,gradient_2205_4,gradient,background/previews/gradient_2205_4.jpg,1.0
background/download/gradient_2205_5.jpg,5.0,2520e39e-dce0-11ec-8803-acde48001122,gradient_2205_5,gradient,background/previews/gradient_2205_5.jpg,1.0
background/download/gradient_2205_6.jpg,6.0,2520e3c6-dce0-11ec-8803-acde48001122,gradient_2205_6,gradient,background/previews/gradient_2205_6.jpg,1.0
background/download/gradient_2205_7.jpg,7.0,2520e3f8-dce0-11ec-8803-acde48001122,gradient_2205_7,gradient,background/previews/gradient_2205_7.jpg,1.0
background/download/gradient_2205_8.jpg,8.0,2520e420-dce0-11ec-8803-acde48001122,gradient_2205_8,gradient,background/previews/gradient_2205_8.jpg,1.0
background/download/holiday_2205_1.jpg,1.0,2520e448-dce0-11ec-8803-acde48001122,holiday_2205_1,holiday,background/previews/holiday_2205_1.jpg,1.0
background/download/holiday_2205_2.png,2.0,2520e470-dce0-11ec-8803-acde48001122,holiday_2205_2,holiday,background/previews/holiday_2205_2.png,1.0
background/download/holiday_2205_3.png,3.0,2520e4a2-dce0-11ec-8803-acde48001122,holiday_2205_3,holiday,background/previews/holiday_2205_3.png,1.0
background/download/holiday_2205_4.png,4.0,2520e4ca-dce0-11ec-8803-acde48001122,holiday_2205_4,holiday,background/previews/holiday_2205_4.png,1.0
background/download/holiday_2205_5.png,5.0,2520e4f2-dce0-11ec-8803-acde48001122,holiday_2205_5,holiday,background/previews/holiday_2205_5.png,1.0
background/download/holiday_2205_6.png,6.0,2520e51a-dce0-11ec-8803-acde48001122,holiday_2205_6,holiday,background/previews/holiday_2205_6.png,1.0
background/download/holiday_2205_7.png,7.0,2520e542-dce0-11ec-8803-acde48001122,holiday_2205_7,holiday,background/previews/holiday_2205_7.png,1.0
background/download/holiday_2205_8.png,8.0,2520e56a-dce0-11ec-8803-acde48001122,holiday_2205_8,holiday,background/previews/holiday_2205_8.png,1.0
background/download/holiday_2205_9.png,9.0,2520e592-dce0-11ec-8803-acde48001122,holiday_2205_9,holiday,background/previews/holiday_2205_9.png,1.0
background/download/holiday_2205_10.jpg,10.0,2520e5ce-dce0-11ec-8803-acde48001122,holiday_2205_10,holiday,background/previews/holiday_2205_10.jpg,1.0
background/download/holiday_2205_11.jpg,11.0,2520e5f6-dce0-11ec-8803-acde48001122,holiday_2205_11,holiday,background/previews/holiday_2205_11.jpg,1.0
background/download/dreamy_2205_1.jpg,1.0,2520e61e-dce0-11ec-8803-acde48001122,dreamy_2205_1,dreamy,background/previews/dreamy_2205_1.jpg,1.0
background/download/dreamy_2205_2.jpg,2.0,2520e646-dce0-11ec-8803-acde48001122,dreamy_2205_2,dreamy,background/previews/dreamy_2205_2.jpg,1.0
background/download/dreamy_2205_3.jpg,3.0,2520e66e-dce0-11ec-8803-acde48001122,dreamy_2205_3,dreamy,background/previews/dreamy_2205_3.jpg,1.0
background/download/dreamy_2205_4.jpg,4.0,2520e68c-dce0-11ec-8803-acde48001122,dreamy_2205_4,dreamy,background/previews/dreamy_2205_4.jpg,1.0
background/download/dreamy_2205_5.jpg,5.0,2520e6b4-dce0-11ec-8803-acde48001122,dreamy_2205_5,dreamy,background/previews/dreamy_2205_5.jpg,1.0
background/download/dreamy_2205_6.jpg,6.0,2520e6f0-dce0-11ec-8803-acde48001122,dreamy_2205_6,dreamy,background/previews/dreamy_2205_6.jpg,1.0
background/download/dreamy_2205_7.jpg,7.0,2520e718-dce0-11ec-8803-acde48001122,dreamy_2205_7,dreamy,background/previews/dreamy_2205_7.jpg,1.0
background/download/dreamy_2205_8.jpg,8.0,2520e740-dce0-11ec-8803-acde48001122,dreamy_2205_8,dreamy,background/previews/dreamy_2205_8.jpg,1.0
background/download/fruits_2205_1.jpg,1.0,2520e768-dce0-11ec-8803-acde48001122,fruits_2205_1,fruits,background/previews/fruits_2205_1.jpg,1.0
background/download/fruits_2205_2.jpg,2.0,2520e790-dce0-11ec-8803-acde48001122,fruits_2205_2,fruits,background/previews/fruits_2205_2.jpg,1.0
background/download/fruits_2205_3.jpg,3.0,2520e7b8-dce0-11ec-8803-acde48001122,fruits_2205_3,fruits,background/previews/fruits_2205_3.jpg,1.0
background/download/fruits_2205_4.jpg,4.0,2520e7e0-dce0-11ec-8803-acde48001122,fruits_2205_4,fruits,background/previews/fruits_2205_4.jpg,1.0
background/download/fruits_2205_5.jpg,5.0,2520e81c-dce0-11ec-8803-acde48001122,fruits_2205_5,fruits,background/previews/fruits_2205_5.jpg,1.0
background/download/fruits_2205_6.jpg,6.0,2520e844-dce0-11ec-8803-acde48001122,fruits_2205_6,fruits,background/previews/fruits_2205_6.jpg,1.0
background/download/fruits_2205_7.jpg,7.0,2520e862-dce0-11ec-8803-acde48001122,fruits_2205_7,fruits,background/previews/fruits_2205_7.jpg,1.0
background/download/fruits_2205_8.jpg,8.0,2520e894-dce0-11ec-8803-acde48001122,fruits_2205_8,fruits,background/previews/fruits_2205_8.jpg,1.0
background/download/retro_2205_1.jpg,1.0,2520e8bc-dce0-11ec-8803-acde48001122,retro_2205_1,retro,background/previews/retro_2205_1.jpg,1.0
background/download/retro_2205_2.jpg,2.0,2520e8e4-dce0-11ec-8803-acde48001122,retro_2205_2,retro,background/previews/retro_2205_2.jpg,1.0
background/download/retro_2205_3.jpg,3.0,2520e90c-dce0-11ec-8803-acde48001122,retro_2205_3,retro,background/previews/retro_2205_3.jpg,1.0
background/download/retro_2205_4.jpg,4.0,2520e93e-dce0-11ec-8803-acde48001122,retro_2205_4,retro,background/previews/retro_2205_4.jpg,1.0
background/download/retro_2205_5.jpg,5.0,2520e966-dce0-11ec-8803-acde48001122,retro_2205_5,retro,background/previews/retro_2205_5.jpg,1.0
background/download/pattern_2205_1.png,1.0,2520e98e-dce0-11ec-8803-acde48001122,pattern_2205_1,pattern,background/previews/pattern_2205_1.png,1.0
background/download/pattern_2205_2.png,2.0,2520e9c0-dce0-11ec-8803-acde48001122,pattern_2205_2,pattern,background/previews/pattern_2205_2.png,1.0
background/download/pattern_2205_3.png,3.0,2520e9de-dce0-11ec-8803-acde48001122,pattern_2205_3,pattern,background/previews/pattern_2205_3.png,1.0
background/download/pattern_2205_4.jpg,4.0,2520ea06-dce0-11ec-8803-acde48001122,pattern_2205_4,pattern,background/previews/pattern_2205_4.jpg,1.0
background/download/pattern_2205_5.jpg,5.0,2520ea2e-dce0-11ec-8803-acde48001122,pattern_2205_5,pattern,background/previews/pattern_2205_5.jpg,1.0
background/download/pattern_2205_6.jpg,6.0,2520ea6a-dce0-11ec-8803-acde48001122,pattern_2205_6,pattern,background/previews/pattern_2205_6.jpg,1.0
background/download/texture_2205_1.jpg,1.0,2520ea92-dce0-11ec-8803-acde48001122,texture_2205_1,texture,background/previews/texture_2205_1.jpg,1.0
background/download/texture_2205_2.jpg,2.0,2520eaba-dce0-11ec-8803-acde48001122,texture_2205_2,texture,background/previews/texture_2205_2.jpg,1.0
background/download/texture_2205_3.jpg,3.0,2520eb0a-dce0-11ec-8803-acde48001122,texture_2205_3,texture,background/previews/texture_2205_3.jpg,1.0
background/download/texture_2205_4.jpg,4.0,2520eb32-dce0-11ec-8803-acde48001122,texture_2205_4,texture,background/previews/texture_2205_4.jpg,1.0
background/download/texture_2205_5.jpg,5.0,2520eb5a-dce0-11ec-8803-acde48001122,texture_2205_5,texture,background/previews/texture_2205_5.jpg,1.0
background/download/texture_2205_6.jpg,6.0,2520eb8c-dce0-11ec-8803-acde48001122,texture_2205_6,texture,background/previews/texture_2205_6.jpg,1.0
background/download/texture_2205_7.jpg,7.0,2520ebbe-dce0-11ec-8803-acde48001122,texture_2205_7,texture,background/previews/texture_2205_7.jpg,1.0
background/download/texture_2205_8.jpg,8.0,2520ebe6-dce0-11ec-8803-acde48001122,texture_2205_8,texture,background/previews/texture_2205_8.jpg,1.0
background/download/texture_2205_9.jpg,9.0,2520ec0e-dce0-11ec-8803-acde48001122,texture_2205_9,texture,background/previews/texture_2205_9.jpg,1.0
,,,,,,
